TEMPERATURA,OPAD,DATA,CZAS
Brak danych,Brak danych,2018-10-29,21:22:55
Brak danych,Brak danych,2018-10-29,21:24:26
Brak danych,Brak danych,2018-10-29,21:24:30
Brak danych,Brak danych,2018-10-29,21:30:04
11,zamglenie ,2018-10-29,21:45:04
11,zamglenie ,2018-10-29,22:00:05
12,zamglenie ,2018-10-29,22:15:06
12,zamglenie ,2018-10-29,22:30:06
12,Brak danych,2018-10-29,22:45:07
12,Brak danych,2018-10-29,23:00:07
12,Brak danych,2018-10-29,23:15:08
12,Brak danych,2018-10-29,23:30:08
20,Brak danych,2018-10-30,10:23:20
20,Brak danych,2018-10-30,10:38:21
20,Brak danych,2018-10-30,10:53:22
20,Brak danych,2018-10-30,11:08:22
20,Brak danych,2018-10-30,11:23:23
21,Brak danych,2018-10-30,11:38:24
21,Brak danych,2018-10-30,11:53:25
22,Brak danych,2018-10-30,12:08:25
22,Brak danych,2018-10-30,12:23:26
20,Brak danych,2018-10-30,12:38:27
20,Brak danych,2018-10-30,12:53:28
21,Brak danych,2018-10-30,13:08:29
21,Brak danych,2018-10-30,13:23:29
21,Brak danych,2018-10-30,13:38:30
21,Brak danych,2018-10-30,13:53:31
20,Brak danych,2018-10-30,14:08:32
20,Brak danych,2018-10-30,14:23:32
20,Brak danych,2018-10-30,14:38:33
20,Brak danych,2018-10-30,14:53:34
20,Brak danych,2018-10-30,15:08:34
20,Brak danych,2018-10-30,15:23:35
19,Brak danych,2018-10-30,15:38:36
19,Brak danych,2018-10-30,15:53:37
19,Brak danych,2018-10-30,16:08:37
19,Brak danych,2018-10-30,16:23:38
19,Brak danych,2018-10-30,16:38:39
19,Brak danych,2018-10-30,16:53:40
18,Brak danych,2018-10-30,17:08:40
16,Brak danych,2018-10-31,11:23:28
17,Brak danych,2018-10-31,11:38:29
17,Brak danych,2018-10-31,11:53:29
18,Brak danych,2018-10-31,12:08:30
18,Brak danych,2018-10-31,12:23:30
17,Brak danych,2018-10-31,12:38:31
17,Brak danych,2018-10-31,12:53:31
17,Brak danych,2018-10-31,13:08:32
17,Brak danych,2018-10-31,13:23:33
18,Brak danych,2018-10-31,13:38:33
18,Brak danych,2018-10-31,13:53:34
18,Brak danych,2018-10-31,14:08:34
18,Brak danych,2018-10-31,14:23:35
18,Brak danych,2018-10-31,14:38:35
18,Brak danych,2018-10-31,14:53:36
17,Brak danych,2018-10-31,15:08:36
17,Brak danych,2018-10-31,15:23:37
15,Brak danych,2018-10-31,15:38:38
15,Brak danych,2018-10-31,15:53:38
15,Brak danych,2018-10-31,16:08:39
15,Brak danych,2018-10-31,16:19:32
15,Brak danych,2018-10-31,16:34:33
14,Brak danych,2018-10-31,16:42:51
14,Brak danych,2018-10-31,16:57:51
12,Brak danych,2018-10-31,17:12:51
12,Brak danych,2018-10-31,17:27:52
13,Brak danych,2018-10-31,17:42:52
13,Brak danych,2018-10-31,17:44:38
13,Brak danych,2018-10-31,17:45:38
13,Brak danych,2018-10-31,17:58:35,
13,Brak danych,2018-10-31,17:59:55,
13,Brak danych,2018-10-31,18:00:48,
13,Brak danych,2018-10-31,18:01:07,
13,Brak danych,2018-10-31,18:02:14,
13,Brak danych,2018-10-31,18:02:46,
12,Brak danych,2018-10-31,18:03:31,
12,Brak danych,2018-10-31,18:04:22,
12,Brak danych,2018-10-31,18:24:34,
12,Brak danych,2018-10-31,18:28:19,
12,Brak danych,2018-10-31,18:29:27,
11,Brak danych,2018-10-31,18:44:28,
11,Brak danych,2018-10-31,18:49:30,
11,Brak danych,2018-10-31,19:00:48,
11,Brak danych,2018-10-31,19:10:01,
11,Brak danych,2018-10-31,19:10:17,
11,Brak danych,2018-10-31,19:15:42,
11,Brak danych,2018-10-31,19:21:43,
11,Brak danych,2018-10-31,19:22:21,
11,Brak danych,2018-10-31,19:55:28,
8,Brak danych,2018-10-31,21:47:44,
8,Brak danych,2018-10-31,21:49:09,
8,Brak danych,2018-10-31,22:02:44,
9,Brak danych,2018-10-31,22:04:09,
9,Brak danych,2018-10-31,22:17:45,
9,Brak danych,2018-10-31,22:19:10,
9,Brak danych,2018-10-31,22:29:53,
9,Brak danych,2018-10-31,22:32:46,
9,Brak danych,2018-10-31,22:34:10,
8,Brak danych,2018-10-31,22:35:37,
8,Brak danych,2018-10-31,22:36:24,
8,Brak danych,2018-10-31,22:37:54,
8,Brak danych,2018-10-31,22:44:54,
8,Brak danych,2018-10-31,22:47:46,
8,Brak danych,2018-10-31,22:49:11,
8,Brak danych,2018-10-31,22:49:45,
8,Brak danych,2018-10-31,22:51:32,
8,Brak danych,2018-10-31,22:53:31,
8,Brak danych,2018-10-31,22:54:22,
8,Brak danych,2018-10-31,22:56:01,
8,Brak danych,2018-10-31,22:57:44,
8,Brak danych,2018-10-31,22:58:02,
8,Brak danych,2018-10-31,22:59:54,
8,Brak danych,2018-10-31,23:00:49,
8,Brak danych,2018-10-31,23:01:42,
8,Brak danych,2018-10-31,23:02:46,
8,Brak danych,2018-10-31,23:04:11,
8,Brak danych,2018-10-31,23:05:03,
10,Brak danych,2018-10-31,23:07:23,
10,Brak danych,2018-10-31,23:08:26,
10,Brak danych,2018-10-31,23:14:55,
10,Brak danych,2018-10-31,23:17:47,
10,Brak danych,2018-10-31,23:19:12,
10,Brak danych,2018-10-31,23:31:18,
17,Brak danych,2018-11-02,16:08:47,
17,Brak danych,2018-11-02,16:23:48,
17,Brak danych,2018-11-02,16:58:40,
16,Brak danych,2018-11-02,17:07:46,
16,Brak danych,2018-11-02,17:12:24,
16,Brak danych,2018-11-02,17:28:49,
16,Brak danych,2018-11-02,17:34:10,
16,Brak danych,2018-11-02,17:34:14,
15,Brak danych,2018-11-02,17:41:54,
15,Brak danych,2018-11-02,17:48:40,
15,Brak danych,2018-11-02,17:50:23,
15,Brak danych,2018-11-02,17:53:34,
15,Brak danych,2018-11-02,17:54:20,
15,Brak danych,2018-11-02,18:15:09,
15,Brak danych,2018-11-02,18:16:32,
15,Brak danych,2018-11-02,18:17:00,
15,Brak danych,2018-11-02,18:17:17,
15,Brak danych,2018-11-02,18:20:30,
14,Brak danych,2018-11-02,19:16:46,
14,Brak danych,2018-11-02,19:20:15,
14,Brak danych,2018-11-02,19:22:04,
14,Brak danych,2018-11-02,19:22:28,
14,Brak danych,2018-11-02,19:23:00,
14,Brak danych,2018-11-02,19:25:33,
14,Brak danych,2018-11-02,19:25:46,
14,Brak danych,2018-11-02,19:26:00,
14,Brak danych,2018-11-02,19:29:53,
14,Brak danych,2018-11-02,19:31:18,
14,Brak danych,2018-11-02,19:32:27,
14,Brak danych,2018-11-02,19:33:25,
14,Brak danych,2018-11-02,19:33:49,
14,Brak danych,2018-11-02,19:34:28,
14,Brak danych,2018-11-02,19:35:04,
13,Brak danych,2018-11-02,19:37:37,
13,Brak danych,2018-11-02,19:38:26,
13,Brak danych,2018-11-02,19:39:38,
13,Brak danych,2018-11-02,19:39:57,
13,Brak danych,2018-11-02,19:40:00,
13,Brak danych,2018-11-02,19:40:35,
13,Brak danych,2018-11-02,19:40:56,
13,Brak danych,2018-11-02,19:41:34,
13,Brak danych,2018-11-02,19:41:35,
13,Brak danych,2018-11-02,19:45:57,
13,Brak danych,2018-11-02,19:46:14,
13,Brak danych,2018-11-02,19:49:05,
13,Brak danych,2018-11-02,19:49:31,
13,Brak danych,2018-11-02,19:49:40,
13,Brak danych,2018-11-02,19:50:03,
13,Brak danych,2018-11-02,19:50:53,
13,Brak danych,2018-11-02,19:50:55,
13,Brak danych,2018-11-02,19:51:28,
13,Brak danych,2018-11-02,19:53:58,
13,Brak danych,2018-11-02,19:54:54,
13,Brak danych,2018-11-02,20:02:36,
13,Brak danych,2018-11-02,20:02:57,
12,Brak danych,2018-11-02,20:04:44,
12,Brak danych,2018-11-02,20:05:00,
12,Brak danych,2018-11-02,20:06:17,
12,Brak danych,2018-11-02,20:17:10,
12,Brak danych,2018-11-02,20:17:25,
12,Brak danych,2018-11-02,20:17:47,
12,Brak danych,2018-11-02,20:18:19,
12,Brak danych,2018-11-02,20:19:57,
12,Brak danych,2018-11-02,20:21:36,
12,Brak danych,2018-11-02,20:21:50,
12,Brak danych,2018-11-02,20:22:13,
12,Brak danych,2018-11-02,20:22:29,
12,Brak danych,2018-11-02,20:24:52,
12,Brak danych,2018-11-02,20:25:41,
12,Brak danych,2018-11-02,20:29:18,
12,Brak danych,2018-11-02,20:29:57,
12,Brak danych,2018-11-02,20:31:59,
11,Brak danych,2018-11-02,20:40:27,
11,Brak danych,2018-11-02,21:02:40,
11,Brak danych,2018-11-02,21:02:45,
11,Brak danych,2018-11-02,21:02:46,
11,Brak danych,2018-11-02,21:03:39,
11,Brak danych,2018-11-02,21:04:20,
11,Brak danych,2018-11-02,21:04:49,
11,Brak danych,2018-11-02,21:05:04,
11,Brak danych,2018-11-02,21:05:16,
11,Brak danych,2018-11-02,21:05:43,
11,Brak danych,2018-11-02,21:05:59,
11,Brak danych,2018-11-02,21:06:11,
11,Brak danych,2018-11-02,21:07:42,
11,Brak danych,2018-11-02,21:08:27,
11,Brak danych,2018-11-02,21:11:41,
11,Brak danych,2018-11-02,21:12:26,
11,Brak danych,2018-11-02,21:13:34,
11,Brak danych,2018-11-02,21:15:26,
11,Brak danych,2018-11-02,21:15:48,
11,Brak danych,2018-11-02,21:16:34,
11,Brak danych,2018-11-02,21:17:38,
11,Brak danych,2018-11-02,21:18:16,
11,Brak danych,2018-11-02,21:19:10,
11,Brak danych,2018-11-02,21:19:59,
11,Brak danych,2018-11-02,21:22:16,
12,Brak danych,2018-11-04,15:33:30,
12,Brak danych,2018-11-04,15:34:46,
12,Brak danych,2018-11-04,15:36:12,
12,Brak danych,2018-11-04,15:36:30,
12,Brak danych,2018-11-04,15:37:15,
12,Brak danych,2018-11-04,15:39:44,
12,Brak danych,2018-11-04,15:40:35,
12,Brak danych,2018-11-04,15:41:19,
12,Brak danych,2018-11-04,15:41:35,
12,Brak danych,2018-11-04,15:42:30,
12,Brak danych,2018-11-04,15:42:59,
12,Brak danych,2018-11-04,15:46:10,
12,Brak danych,2018-11-04,15:48:08,
12,Brak danych,2018-11-04,15:48:36,
12,Brak danych,2018-11-04,15:49:07,
12,Brak danych,2018-11-04,15:51:26,
12,Brak danych,2018-11-04,15:52:37,
12,Brak danych,2018-11-04,15:53:15,
12,Brak danych,2018-11-04,15:53:22,
12,Brak danych,2018-11-04,15:54:44,
12,Brak danych,2018-11-04,15:55:08,
12,Brak danych,2018-11-04,15:55:25,
12,Brak danych,2018-11-04,15:56:55,
12,Brak danych,2018-11-04,16:00:35,
12,Brak danych,2018-11-04,16:00:44,
12,Brak danych,2018-11-04,16:00:46,
12,Brak danych,2018-11-04,16:05:15,
12,Brak danych,2018-11-04,16:06:03,
12,Brak danych,2018-11-04,16:19:10,
12,Brak danych,2018-11-04,16:19:34,
12,Brak danych,2018-11-04,16:20:19,
12,Brak danych,2018-11-04,16:29:15,
12,Brak danych,2018-11-04,16:30:30,
12,Brak danych,2018-11-04,16:30:32,
12,Brak danych,2018-11-04,16:30:54,
12,Brak danych,2018-11-04,16:31:25,
12,Brak danych,2018-11-04,16:31:48,
11,słaby: mżawka & zamglenie,2018-11-04,16:35:25,
11,słaby: mżawka & zamglenie,2018-11-04,16:35:50,
11,słaby: mżawka & zamglenie,2018-11-04,16:36:23,
11,słaby: mżawka & zamglenie,2018-11-04,16:36:40,
11,słaby: mżawka & zamglenie,2018-11-04,16:37:26,
11,słaby: mżawka & zamglenie,2018-11-04,16:38:31,
11,słaby: mżawka & zamglenie,2018-11-04,16:39:34,
11,słaby: mżawka & zamglenie,2018-11-04,16:39:37,
11,słaby: mżawka & zamglenie,2018-11-04,16:42:56,
11,słaby: mżawka & zamglenie,2018-11-04,16:49:17,
11,słaby: mżawka & zamglenie,2018-11-04,16:49:47,
11,słaby: mżawka & zamglenie,2018-11-04,16:50:00,
11,słaby: mżawka & zamglenie,2018-11-04,16:51:32,
11,słaby: mżawka & zamglenie,2018-11-04,16:59:35,
11,słaby: mżawka & zamglenie,2018-11-04,17:00:44,
11,słaby: mżawka & zamglenie,2018-11-04,17:01:00,
11,słaby: mżawka & zamglenie,2018-11-04,17:01:39,
12,słaby: mżawka & zamglenie,2018-11-04,17:03:31,
12,słaby: mżawka & zamglenie,2018-11-04,17:03:55,
12,słaby: mżawka & zamglenie,2018-11-04,17:04:59,
12,słaby: mżawka & zamglenie,2018-11-04,17:05:27,
12,słaby: mżawka & zamglenie,2018-11-04,17:07:13,
12,słaby: mżawka & zamglenie,2018-11-04,17:07:14,
12,słaby: mżawka & zamglenie,2018-11-04,17:07:28,
Brak danych,Brak danych,2018-11-04,17:31:01,
Brak danych,Brak danych,2018-11-04,17:31:26,
Brak danych,Brak danych,2018-11-04,17:32:58,
Brak danych,Brak danych,2018-11-04,17:35:25,
Brak danych,Brak danych,2018-11-04,17:35:46,
Brak danych,Brak danych,2018-11-04,17:36:44,
Brak danych,Brak danych,2018-11-04,17:37:34,
Brak danych,Brak danych,2018-11-04,17:39:44,
Brak danych,Brak danych,2018-11-04,17:40:33,
Brak danych,Brak danych,2018-11-04,17:40:52,
Brak danych,Brak danych,2018-11-04,17:40:54,
Brak danych,Brak danych,2018-11-04,17:41:27,
Brak danych,Brak danych,2018-11-04,17:42:26,
Brak danych,Brak danych,2018-11-04,17:42:29,
Brak danych,Brak danych,2018-11-04,17:43:33,
Brak danych,Brak danych,2018-11-04,17:45:26,
Brak danych,Brak danych,2018-11-04,17:48:22,
Brak danych,Brak danych,2018-11-04,17:48:34,
Brak danych,Brak danych,2018-11-04,17:49:08,
Brak danych,Brak danych,2018-11-04,17:49:30,
Brak danych,Brak danych,2018-11-04,17:51:22,
Brak danych,Brak danych,2018-11-04,17:54:10,
12,zamglenie ,2018-11-05,13:26:37,
13,zamglenie ,2018-11-05,13:41:37,
13,zamglenie ,2018-11-05,13:46:54,
13,zamglenie ,2018-11-05,13:47:37,
13,zamglenie ,2018-11-05,13:48:24,
13,zamglenie ,2018-11-05,13:49:55,
13,zamglenie ,2018-11-05,13:50:24,
13,zamglenie ,2018-11-05,13:50:44,
13,zamglenie ,2018-11-05,13:51:35,
13,zamglenie ,2018-11-05,13:52:23,
13,zamglenie ,2018-11-05,13:57:45,
13,zamglenie ,2018-11-05,13:58:15,
13,zamglenie ,2018-11-05,14:00:35,
13,zamglenie ,2018-11-05,14:01:03,
13,zamglenie ,2018-11-05,14:01:46,
13,zamglenie ,2018-11-05,14:01:49,
13,zamglenie ,2018-11-05,14:03:59,
13,zamglenie ,2018-11-05,14:05:16,
13,zamglenie ,2018-11-05,14:06:45,
13,zamglenie ,2018-11-05,14:07:39,
13,zamglenie ,2018-11-05,14:08:55,
13,zamglenie ,2018-11-05,14:08:58,
13,zamglenie ,2018-11-05,14:09:19,
13,zamglenie ,2018-11-05,14:09:55,
13,zamglenie ,2018-11-05,14:09:57,
13,zamglenie ,2018-11-05,14:10:09,
13,zamglenie ,2018-11-05,14:11:56,
13,zamglenie ,2018-11-05,14:13:13,
13,zamglenie ,2018-11-05,14:14:04,
13,zamglenie ,2018-11-05,14:14:29,
13,zamglenie ,2018-11-05,14:14:43,
13,zamglenie ,2018-11-05,14:16:25,
13,zamglenie ,2018-11-05,14:16:47,
13,zamglenie ,2018-11-05,14:19:03,
13,zamglenie ,2018-11-05,14:21:15,
13,zamglenie ,2018-11-05,14:22:16,
13,zamglenie ,2018-11-05,14:23:02,
13,zamglenie ,2018-11-05,14:23:16,
13,zamglenie ,2018-11-05,14:27:04,
13,zamglenie ,2018-11-05,14:27:39,
13,zamglenie ,2018-11-05,14:27:57,
13,zamglenie ,2018-11-05,14:28:15,
13,zamglenie ,2018-11-05,14:29:08,
13,zamglenie ,2018-11-05,14:30:10,
13,zamglenie ,2018-11-05,14:33:46,
13,Brak danych,2018-11-05,14:42:47,
13,Brak danych,2018-11-05,14:43:36,
13,Brak danych,2018-11-05,14:45:31,
13,Brak danych,2018-11-05,14:47:31,
13,Brak danych,2018-11-05,14:48:04,
13,Brak danych,2018-11-05,14:49:07,
13,Brak danych,2018-11-05,14:49:26,
13,Brak danych,2018-11-05,14:50:40,
13,Brak danych,2018-11-05,14:51:28,
13,Brak danych,2018-11-05,14:52:17,
13,Brak danych,2018-11-05,14:52:32,
13,Brak danych,2018-11-05,14:52:49,
13,Brak danych,2018-11-05,14:53:24,
13,Brak danych,2018-11-05,14:53:58,
13,Brak danych,2018-11-05,14:54:30,
13,Brak danych,2018-11-05,14:57:40,
13,Brak danych,2018-11-05,14:58:27,
13,Brak danych,2018-11-05,14:58:54,
13,Brak danych,2018-11-05,15:02:38,
13,Brak danych,2018-11-05,15:07:53,
13,Brak danych,2018-11-05,15:10:07,
13,Brak danych,2018-11-05,15:10:57,
13,Brak danych,2018-11-05,15:11:48,
13,Brak danych,2018-11-05,15:13:55,
13,Brak danych,2018-11-05,15:14:43,
13,Brak danych,2018-11-05,15:17:18,
13,Brak danych,2018-11-05,15:17:38,
13,Brak danych,2018-11-05,15:17:48,
13,Brak danych,2018-11-05,15:21:16,
13,Brak danych,2018-11-05,15:22:53,
13,Brak danych,2018-11-05,15:24:34,
12,Brak danych,2018-11-05,15:37:01,
12,Brak danych,2018-11-05,15:37:49,
12,Brak danych,2018-11-05,15:43:07,
12,Brak danych,2018-11-05,15:45:07,
12,Brak danych,2018-11-05,15:48:23,
12,Brak danych,2018-11-05,15:53:31,
12,Brak danych,2018-11-05,15:54:02,
12,Brak danych,2018-11-05,15:54:16,
12,Brak danych,2018-11-05,16:26:55,
12,Brak danych,2018-11-05,16:31:55,
12,Brak danych,2018-11-05,16:33:33,
12,Brak danych,2018-11-05,16:34:33,
10,zamglenie ,2018-11-05,16:58:57,
11,Brak danych,2018-11-05,17:03:13,
11,Brak danych,2018-11-05,17:04:51,
11,Brak danych,2018-11-05,17:06:41,
11,Brak danych,2018-11-05,17:11:57,
11,Brak danych,2018-11-05,17:13:28,
11,Brak danych,2018-11-05,17:13:41,
11,Brak danych,2018-11-05,17:16:33,
11,Brak danych,2018-11-05,17:16:54,
11,Brak danych,2018-11-05,17:19:53,
11,Brak danych,2018-11-05,17:20:34,
11,Brak danych,2018-11-05,17:20:49,
11,Brak danych,2018-11-05,17:21:53,
11,Brak danych,2018-11-05,17:23:03,
11,Brak danych,2018-11-05,17:23:23,
11,Brak danych,2018-11-05,17:24:30,
11,Brak danych,2018-11-05,17:24:39,
11,Brak danych,2018-11-05,17:25:13,
10,Brak danych,2018-11-05,23:55:50,
11,Brak danych,2018-11-06,10:21:37,
11,Brak danych,2018-11-06,10:23:31,
11,Brak danych,2018-11-06,10:23:47,
11,Brak danych,2018-11-06,10:24:05,
11,Brak danych,2018-11-06,10:24:17,
11,Brak danych,2018-11-06,10:24:20,
11,Brak danych,2018-11-06,10:28:51,
11,Brak danych,2018-11-06,10:29:12,
11,Brak danych,2018-11-06,10:29:14,
14,Brak danych,2018-11-06,10:44:15,
14,Brak danych,2018-11-06,10:45:28,
14,Brak danych,2018-11-06,11:00:29,
14,Brak danych,2018-11-06,11:15:29,
14,Brak danych,2018-11-06,11:30:30,
14,Brak danych,2018-11-06,11:45:31,
14,Brak danych,2018-11-06,11:48:28,
14,Brak danych,2018-11-06,11:53:03,
14,Brak danych,2018-11-06,11:53:49,
14,Brak danych,2018-11-06,11:54:32,
14,Brak danych,2018-11-06,11:56:15,
14,Brak danych,2018-11-06,11:57:14,
14,Brak danych,2018-11-06,11:59:18,
14,Brak danych,2018-11-06,11:59:39,
14,Brak danych,2018-11-06,12:01:13,
14,Brak danych,2018-11-06,12:01:31,
14,Brak danych,2018-11-06,12:02:12,
14,Brak danych,2018-11-06,12:02:19,
15,Brak danych,2018-11-06,12:03:45,
15,Brak danych,2018-11-06,12:07:56,
15,Brak danych,2018-11-06,12:11:12,
15,Brak danych,2018-11-06,12:14:00,
15,Brak danych,2018-11-06,12:16:50,
15,Brak danych,2018-11-06,12:17:17,
15,Brak danych,2018-11-06,12:18:05,
15,Brak danych,2018-11-06,12:26:21,
15,Brak danych,2018-11-06,12:26:28,
15,Brak danych,2018-11-06,12:33:02,
16,Brak danych,2018-11-06,12:43:45,
16,Brak danych,2018-11-06,12:44:27,
16,Brak danych,2018-11-06,12:45:43,
16,Brak danych,2018-11-06,12:45:47,
16,Brak danych,2018-11-06,12:45:49,
16,Brak danych,2018-11-06,12:50:37,
16,Brak danych,2018-11-06,12:51:12,
16,Brak danych,2018-11-06,12:55:43,
16,Brak danych,2018-11-06,12:57:05,
16,Brak danych,2018-11-06,12:57:28,
16,Brak danych,2018-11-06,12:58:07,
16,Brak danych,2018-11-06,12:58:39,
16,Brak danych,2018-11-06,13:01:26,
16,Brak danych,2018-11-06,13:04:38,
16,Brak danych,2018-11-06,13:06:18,
16,Brak danych,2018-11-06,13:10:26,
16,Brak danych,2018-11-06,13:14:21,
16,Brak danych,2018-11-06,13:15:03,
16,Brak danych,2018-11-06,13:19:57,
16,Brak danych,2018-11-06,13:24:56,
16,Brak danych,2018-11-06,13:31:22,
16,Brak danych,2018-11-06,13:32:36,
16,Brak danych,2018-11-06,13:38:04,
16,Brak danych,2018-11-06,13:39:08,
16,Brak danych,2018-11-06,13:39:33,
16,Brak danych,2018-11-06,13:41:04,
16,Brak danych,2018-11-06,13:51:17,
16,Brak danych,2018-11-06,14:01:35,
16,Brak danych,2018-11-06,14:04:02,
16,Brak danych,2018-11-06,14:05:50,
16,Brak danych,2018-11-06,14:06:40,
16,Brak danych,2018-11-06,14:14:41,
16,Brak danych,2018-11-06,14:18:02,
16,Brak danych,2018-11-06,14:46:16,
16,Brak danych,2018-11-06,14:47:23,
16,Brak danych,2018-11-06,14:50:19,
16,Brak danych,2018-11-06,14:53:54,
16,Brak danych,2018-11-06,14:56:30,
16,Brak danych,2018-11-06,15:11:34,
16,Brak danych,2018-11-06,15:26:38,
15,Brak danych,2018-11-06,15:41:42,
15,Brak danych,2018-11-06,15:56:46,
14,Brak danych,2018-11-06,16:11:50,
14,Brak danych,2018-11-06,16:26:54,
11,Brak danych,2018-11-06,16:41:58,
11,Brak danych,2018-11-06,16:57:02,
13,Brak danych,2018-11-06,17:12:06,
13,Brak danych,2018-11-06,17:27:10,
13,Brak danych,2018-11-06,17:42:14,
13,Brak danych,2018-11-06,17:57:18,
10,Brak danych,2018-11-06,22:41:23,
Brak danych,Brak danych,2018-11-06,22:44:43,
10,Brak danych,2018-11-06,22:46:00,
10,Brak danych,2018-11-06,22:50:10,
10,Brak danych,2018-11-06,22:50:16,
Brak danych,Brak danych,2018-11-06,23:05:33,
10,Brak danych,2018-11-06,23:05:39,
10,Brak danych,2018-11-06,23:06:31,
Brak danych,Brak danych,2018-11-06,23:07:28,
Brak danych,Brak danych,2018-11-06,23:07:34,
10,Brak danych,2018-11-06,23:07:36,
10,Brak danych,2018-11-06,23:22:40,
10,Brak danych,2018-11-06,23:25:42,
10,Brak danych,2018-11-06,23:26:39,
10,Brak danych,2018-11-06,23:27:00,
10,Brak danych,2018-11-06,23:27:26,
Brak danych,Brak danych,2018-11-06,23:28:23,
10,Brak danych,2018-11-06,23:30:38,
9,Brak danych,2018-11-06,23:42:06,
9,Brak danych,2018-11-06,23:43:01,
9,Brak danych,2018-11-06,23:45:33,
9,Brak danych,2018-11-06,23:46:45,
9,Brak danych,2018-11-06,23:49:45,
9,Brak danych,2018-11-06,23:51:19,
9,Brak danych,2018-11-06,23:55:54,
Brak danych,Brak danych,2018-11-06,23:58:33,
Brak danych,Brak danych,2018-11-06,23:58:35,
9,Brak danych,2018-11-06,23:59:10,
9,Brak danych,2018-11-07,00:01:53,
9,zamglenie ,2018-11-07,00:05:28,
9,zamglenie ,2018-11-07,00:07:16,
9,zamglenie ,2018-11-07,00:22:22,
9,zamglenie ,2018-11-07,00:28:18,
9,zamglenie ,2018-11-07,00:28:48,
9,zamglenie ,2018-11-07,00:29:42,
9,zamglenie ,2018-11-07,00:30:24,
9,zamglenie ,2018-11-07,00:30:48,
9,zamglenie ,2018-11-07,00:31:09,
9,zamglenie ,2018-11-07,00:31:47,
9,zamglenie ,2018-11-07,00:32:06,
9,zamglenie ,2018-11-07,00:32:23,
9,zamglenie ,2018-11-07,00:35:55,
9,zamglenie ,2018-11-07,00:51:01,
9,zamglenie ,2018-11-07,00:51:34,
9,zamglenie ,2018-11-07,01:02:50,
9,zamglenie ,2018-11-07,01:03:41,
11,Brak danych,2018-11-07,10:44:56,
11,Brak danych,2018-11-07,11:00:02,
12,Brak danych,2018-11-07,11:15:08,
12,Brak danych,2018-11-07,11:30:13,
12,Brak danych,2018-11-07,11:34:11,
13,Brak danych,2018-11-07,11:49:17,
13,Brak danych,2018-11-07,12:04:23,
13,Brak danych,2018-11-07,12:19:29,
13,Brak danych,2018-11-07,12:34:35,
14,Brak danych,2018-11-07,12:49:41,
14,Brak danych,2018-11-07,13:04:46,
14,Brak danych,2018-11-07,13:19:52,
14,Brak danych,2018-11-07,13:34:58,
14,Brak danych,2018-11-07,13:50:04,
14,Brak danych,2018-11-07,13:58:10,
14,Brak danych,2018-11-07,13:58:47,
14,Brak danych,2018-11-07,14:13:54,
14,Brak danych,2018-11-07,14:17:51,
14,Brak danych,2018-11-07,14:19:19,
14,Brak danych,2018-11-07,14:19:37,
12,Brak danych,2018-11-07,15:45:36,
11,Brak danych,2018-11-07,16:39:21,
11,Brak danych,2018-11-07,16:48:52,
11,Brak danych,2018-11-07,16:50:14,
11,Brak danych,2018-11-07,16:50:35,
11,Brak danych,2018-11-07,16:51:00,
11,Brak danych,2018-11-07,16:51:42,
11,Brak danych,2018-11-07,16:52:12,
11,Brak danych,2018-11-07,16:52:33,
11,Brak danych,2018-11-07,16:53:11,
11,Brak danych,2018-11-07,16:54:47,
11,Brak danych,2018-11-07,16:55:26,
11,Brak danych,2018-11-07,16:56:15,
11,Brak danych,2018-11-07,16:57:08,
11,Brak danych,2018-11-07,16:57:53,
11,Brak danych,2018-11-07,17:14:53,
11,Brak danych,2018-11-07,17:26:11,
11,Brak danych,2018-11-07,17:26:52,
11,Brak danych,2018-11-07,17:37:51,
11,Brak danych,2018-11-07,18:07:41,
9,Brak danych,2018-11-07,22:20:13,
9,Brak danych,2018-11-07,22:21:14,
11,Brak danych,2018-11-08,11:24:22,
11,Brak danych,2018-11-08,11:25:32,
11,Brak danych,2018-11-08,11:25:56,
13,Brak danych,2018-11-08,11:41:06,
13,Brak danych,2018-11-08,11:56:14,
13,Brak danych,2018-11-08,12:00:16,
13,Brak danych,2018-11-08,12:06:51,
13,Brak danych,2018-11-08,12:09:54,
13,Brak danych,2018-11-08,12:10:38,
13,Brak danych,2018-11-08,12:11:23,
13,Brak danych,2018-11-08,12:13:22,
13,Brak danych,2018-11-08,12:14:22,
13,Brak danych,2018-11-08,12:15:31,
13,Brak danych,2018-11-08,12:16:57,
13,Brak danych,2018-11-08,12:32:06,
15,Brak danych,2018-11-08,12:44:37,
15,Brak danych,2018-11-08,12:50:51,
15,Brak danych,2018-11-08,12:59:39,
15,Brak danych,2018-11-08,13:03:13,
15,Brak danych,2018-11-08,13:07:57,
15,Brak danych,2018-11-08,13:08:45,
15,Brak danych,2018-11-08,13:11:28,
15,Brak danych,2018-11-08,13:12:35,
15,Brak danych,2018-11-08,13:13:28,
15,Brak danych,2018-11-08,13:14:17,
15,Brak danych,2018-11-08,13:15:00,
15,Brak danych,2018-11-08,13:16:41,
15,Brak danych,2018-11-08,13:18:21,
15,Brak danych,2018-11-08,13:19:15,
15,Brak danych,2018-11-08,13:21:09,
15,Brak danych,2018-11-08,13:21:57,
15,Brak danych,2018-11-08,13:24:40,
15,Brak danych,2018-11-08,13:29:19,
15,Brak danych,2018-11-08,13:39:26,
15,Brak danych,2018-11-08,13:40:30,
15,Brak danych,2018-11-08,13:44:59,
15,Brak danych,2018-11-08,13:46:36,
15,Brak danych,2018-11-08,13:46:37,
15,Brak danych,2018-11-08,13:46:39,
15,Brak danych,2018-11-08,13:47:13,
15,Brak danych,2018-11-08,13:50:06,
15,Brak danych,2018-11-08,13:53:46,
15,Brak danych,2018-11-08,13:59:56,
15,Brak danych,2018-11-08,14:00:04,
15,Brak danych,2018-11-08,14:05:49,
15,Brak danych,2018-11-08,14:20:58,
14,Brak danych,2018-11-08,14:36:07,
14,Brak danych,2018-11-08,14:51:17,
14,Brak danych,2018-11-08,15:06:27,
14,Brak danych,2018-11-08,15:21:36,
14,Brak danych,2018-11-08,15:27:30,
14,Brak danych,2018-11-08,15:28:54,
13,Brak danych,2018-11-08,15:39:04,
13,Brak danych,2018-11-08,15:40:17,
13,Brak danych,2018-11-08,15:44:20,
13,Brak danych,2018-11-08,15:44:52,
13,Brak danych,2018-11-08,15:45:19,
13,Brak danych,2018-11-08,15:45:55,
13,Brak danych,2018-11-08,15:48:12,
13,Brak danych,2018-11-08,15:48:43,
13,Brak danych,2018-11-08,15:49:50,
13,Brak danych,2018-11-08,15:50:15,
13,Brak danych,2018-11-08,15:50:36,
13,Brak danych,2018-11-08,15:51:37,
12,Brak danych,2018-11-08,16:06:48,
12,Brak danych,2018-11-08,16:07:13,
12,Brak danych,2018-11-08,16:08:19,
12,Brak danych,2018-11-08,16:09:41,
12,Brak danych,2018-11-08,16:10:10,
12,Brak danych,2018-11-08,16:17:40,
12,Brak danych,2018-11-08,16:32:01,
12,Brak danych,2018-11-08,16:34:30,
12,Brak danych,2018-11-08,16:34:52,
11,Brak danych,2018-11-08,16:38:53,
11,Brak danych,2018-11-08,16:39:17,
11,Brak danych,2018-11-08,16:44:22,
11,Brak danych,2018-11-08,16:52:25,
11,Brak danych,2018-11-08,16:53:38,
11,Brak danych,2018-11-08,16:54:25,
11,Brak danych,2018-11-08,16:58:52,
11,Brak danych,2018-11-08,17:00:49,
11,Brak danych,2018-11-08,17:02:46,
11,Brak danych,2018-11-08,17:03:08,
10,Brak danych,2018-11-08,17:03:18,
10,Brak danych,2018-11-08,17:05:11,
10,Brak danych,2018-11-08,17:06:59,
10,Brak danych,2018-11-08,17:07:55,
10,Brak danych,2018-11-08,17:08:48,
10,Brak danych,2018-11-08,17:09:05,
10,Brak danych,2018-11-08,17:11:28,
10,Brak danych,2018-11-08,17:13:26,
10,Brak danych,2018-11-08,17:14:48,
10,Brak danych,2018-11-08,17:20:41,
10,Brak danych,2018-11-08,17:33:55,
8,Brak danych,2018-11-08,17:37:02,
8,Brak danych,2018-11-08,17:39:49,
8,Brak danych,2018-11-08,17:55:01,
8,Brak danych,2018-11-08,18:10:10,
8,Brak danych,2018-11-08,18:25:22,
8,niska mgła ,2018-11-08,18:40:33,
8,niska mgła ,2018-11-08,18:55:47,
8,niska mgła ,2018-11-08,18:56:44,
8,niska mgła ,2018-11-08,18:59:37,
7,niska mgła ,2018-11-08,19:13:11,
7,niska mgła ,2018-11-08,19:14:17,
7,niska mgła ,2018-11-08,19:20:18,
7,niska mgła & zamglenie ,2018-11-08,19:35:15,
7,niska mgła & zamglenie ,2018-11-08,19:37:29,
7,niska mgła & zamglenie ,2018-11-08,19:45:09,
7,niska mgła & zamglenie ,2018-11-08,19:45:50,
7,niska mgła & zamglenie ,2018-11-08,19:46:05,
7,niska mgła & zamglenie ,2018-11-08,19:47:23,
7,niska mgła & zamglenie ,2018-11-08,19:48:30,
7,niska mgła & zamglenie ,2018-11-08,19:48:55,
7,niska mgła & zamglenie ,2018-11-08,19:49:54,
7,niska mgła & zamglenie ,2018-11-08,19:50:48,
7,niska mgła & zamglenie ,2018-11-08,19:51:37,
7,niska mgła & zamglenie ,2018-11-08,19:54:37,
7,niska mgła & zamglenie ,2018-11-08,19:55:19,
7,niska mgła & zamglenie ,2018-11-08,19:56:52,
7,niska mgła & zamglenie ,2018-11-08,19:57:26,
7,niska mgła & zamglenie ,2018-11-08,19:57:53,
7,niska mgła & zamglenie ,2018-11-08,19:58:35,
7,niska mgła & zamglenie ,2018-11-08,19:58:49,
7,niska mgła & zamglenie ,2018-11-08,20:05:53,
7,niska mgła & zamglenie ,2018-11-08,20:06:56,
7,niska mgła & zamglenie ,2018-11-08,20:12:25,
7,niska mgła & zamglenie ,2018-11-08,20:12:51,
7,niska mgła & zamglenie ,2018-11-08,20:13:20,
7,niska mgła & zamglenie ,2018-11-08,20:16:56,
7,niska mgła & zamglenie ,2018-11-08,20:20:29,
7,niska mgła & zamglenie ,2018-11-08,20:20:44,
7,zamglenie ,2018-11-08,20:39:57,
7,zamglenie ,2018-11-08,20:40:09,
7,zamglenie ,2018-11-08,20:40:28,
7,zamglenie ,2018-11-08,20:43:48,
7,zamglenie ,2018-11-08,20:44:55,
7,zamglenie ,2018-11-08,20:45:20,
7,zamglenie ,2018-11-08,20:46:27,
7,zamglenie ,2018-11-08,20:59:22,
7,zamglenie ,2018-11-08,21:03:02,
7,zamglenie ,2018-11-08,21:04:16,
7,zamglenie ,2018-11-08,21:04:45,
7,zamglenie ,2018-11-08,21:05:06,
7,niska mgła & zamglenie ,2018-11-08,21:09:25,
7,niska mgła & zamglenie ,2018-11-08,21:16:49,
7,niska mgła & zamglenie ,2018-11-08,21:17:20,
7,niska mgła & zamglenie ,2018-11-08,21:17:30,
7,niska mgła & zamglenie ,2018-11-08,21:17:48,
7,niska mgła & zamglenie ,2018-11-08,21:20:03,
7,niska mgła & zamglenie ,2018-11-08,21:20:17,
7,niska mgła & zamglenie ,2018-11-08,21:22:30,
7,niska mgła & zamglenie ,2018-11-08,21:24:08,
7,niska mgła & zamglenie ,2018-11-08,21:24:50,
7,niska mgła & zamglenie ,2018-11-08,21:26:36,
7,niska mgła & zamglenie ,2018-11-08,21:27:03,
7,niska mgła & zamglenie ,2018-11-08,21:29:56,
7,niska mgła & zamglenie ,2018-11-08,21:30:43,
7,niska mgła & zamglenie ,2018-11-08,21:31:24,
7,niska mgła & zamglenie ,2018-11-08,21:31:35,
7,niska mgła & zamglenie ,2018-11-08,21:34:27,
8,zamglenie ,2018-11-08,21:35:09,
8,zamglenie ,2018-11-08,21:36:25,
8,zamglenie ,2018-11-08,21:37:27,
8,zamglenie ,2018-11-08,21:38:50,
9,zamglenie ,2018-11-08,22:18:52,
9,zamglenie ,2018-11-08,22:19:30,
7,mgła ,2018-11-09,11:24:35,
7,mgła ,2018-11-09,11:25:16,
7,mgła ,2018-11-09,11:26:33,
7,mgła ,2018-11-09,11:26:56,
7,mgła ,2018-11-09,11:28:06,
7,mgła ,2018-11-09,11:35:59,
7,mgła ,2018-11-09,11:37:50,
7,mgła ,2018-11-09,11:41:35,
7,mgła ,2018-11-09,11:43:01,
7,mgła ,2018-11-09,11:44:26,
7,mgła ,2018-11-09,11:45:48,
7,mgła ,2018-11-09,11:50:02,
7,mgła ,2018-11-09,11:55:09,
7,mgła ,2018-11-09,11:55:57,
7,mgła ,2018-11-09,11:56:46,
7,mgła ,2018-11-09,11:57:25,
7,mgła ,2018-11-09,11:59:15,
7,mgła ,2018-11-09,12:14:32,
7,mgła ,2018-11-09,12:28:16,
7,mgła ,2018-11-09,12:28:59,
7,mgła ,2018-11-09,12:29:36,
7,mgła ,2018-11-09,12:31:42,
7,mgła ,2018-11-09,12:32:01,
7,mgła ,2018-11-09,12:34:34,
8,mgła ,2018-11-09,12:49:47,
8,mgła ,2018-11-09,13:05:00,
8,mgła ,2018-11-09,13:20:14,
8,Brak danych,2018-11-09,14:03:45,
8,Brak danych,2018-11-09,14:14:22,
8,Brak danych,2018-11-09,14:16:01,
8,Brak danych,2018-11-09,14:18:40,
8,Brak danych,2018-11-09,14:20:00,
8,Brak danych,2018-11-09,14:20:57,
8,Brak danych,2018-11-09,14:30:08,
8,Brak danych,2018-11-09,14:30:54,
8,Brak danych,2018-11-09,14:31:13,
8,Brak danych,2018-11-09,14:31:39,
8,Brak danych,2018-11-09,14:31:55,
8,Brak danych,2018-11-09,14:32:25,
8,zamglenie ,2018-11-09,14:47:38,
8,zamglenie ,2018-11-09,14:59:42,
8,zamglenie ,2018-11-09,15:00:05,
8,zamglenie ,2018-11-09,15:01:38,
8,zamglenie ,2018-11-09,15:02:24,
7,mgła ,2018-11-09,16:08:45,
7,mgła ,2018-11-09,16:23:59,
7,mgła ,2018-11-09,16:39:13,
7,mgła ,2018-11-09,16:54:28,
7,mgła ,2018-11-09,17:09:40,
7,mgła ,2018-11-09,17:21:19,
7,mgła ,2018-11-09,17:24:13,
7,mgła ,2018-11-09,17:26:27,
7,mgła ,2018-11-09,17:29:01,
7,mgła ,2018-11-09,17:33:33,
7,mgła ,2018-11-09,17:33:47,
10,Brak danych,2018-11-12,11:15:23,
10,Brak danych,2018-11-12,11:30:38,
12,Brak danych,2018-11-12,11:45:54,
12,Brak danych,2018-11-12,12:01:09,
12,Brak danych,2018-11-12,12:16:26,
12,Brak danych,2018-11-12,12:31:43,
13,Brak danych,2018-11-12,12:47:02,
13,Brak danych,2018-11-12,13:02:21,
14,Brak danych,2018-11-12,13:17:40,
14,Brak danych,2018-11-12,13:32:59,
14,Brak danych,2018-11-12,13:48:19,
14,Brak danych,2018-11-12,14:03:35,
13,Brak danych,2018-11-12,14:18:52,
13,Brak danych,2018-11-12,14:34:09,
13,Brak danych,2018-11-12,14:49:25,
13,Brak danych,2018-11-12,15:04:40,
13,Brak danych,2018-11-12,15:19:55,
12,Brak danych,2018-11-12,15:35:11,
12,Brak danych,2018-11-12,15:50:27,
12,Brak danych,2018-11-12,16:05:45,
12,Brak danych,2018-11-12,16:21:00,
11,Brak danych,2018-11-12,16:36:18,
11,Brak danych,2018-11-12,16:51:35,
11,Brak danych,2018-11-12,17:06:51,
12,słaby: deszcz ,2018-11-13,15:00:41,
12,Brak danych,2018-11-13,15:16:00,
12,Brak danych,2018-11-13,15:31:21,
11,Brak danych,2018-11-13,15:46:40,
11,Brak danych,2018-11-13,16:01:59,
11,Brak danych,2018-11-13,16:17:19,
11,Brak danych,2018-11-13,16:32:39,
11,Brak danych,2018-11-13,16:47:59,
11,Brak danych,2018-11-13,17:03:18,
11,Brak danych,2018-11-13,17:18:38,
11,Brak danych,2018-11-13,17:33:57,
11,Brak danych,2018-11-13,17:49:17,
11,Brak danych,2018-11-13,18:04:37,
11,Brak danych,2018-11-13,18:19:58,
11,Brak danych,2018-11-13,18:26:26,
11,Brak danych,2018-11-13,18:41:47,
11,Brak danych,2018-11-13,18:57:07,
12,słaby: deszcz ,2018-11-13,19:12:28,
12,słaby: deszcz ,2018-11-13,19:27:49,
12,słaby: deszcz ,2018-11-13,19:43:08,
12,słaby: deszcz ,2018-11-13,19:58:30,
11,słaby: deszcz ,2018-11-13,20:13:52,
11,słaby: deszcz ,2018-11-13,20:29:16,
11,słaby: deszcz ,2018-11-13,20:44:36,
11,słaby: deszcz ,2018-11-13,20:59:58,
10,deszcz ,2018-11-13,21:15:21,
10,deszcz ,2018-11-13,21:30:45,
10,słaby: deszcz ,2018-11-13,21:46:07,
10,słaby: deszcz ,2018-11-13,22:01:28,
10,Brak danych,2018-11-13,22:16:49,
10,Brak danych,2018-11-13,22:32:11,
10,Brak danych,2018-11-13,22:47:31,
10,Brak danych,2018-11-14,00:04:34,
8,Brak danych,2018-11-14,10:27:29,
9,Brak danych,2018-11-14,10:42:42,
9,Brak danych,2018-11-14,10:57:57,
9,Brak danych,2018-11-14,11:13:12,
9,Brak danych,2018-11-14,11:28:25,
9,słaby: deszcz ,2018-11-14,11:43:39,
9,słaby: deszcz ,2018-11-14,11:58:54,
9,słaby: deszcz ,2018-11-14,11:59:20,
9,słaby: deszcz ,2018-11-14,12:02:56,
9,Brak danych,2018-11-14,12:04:14,
9,Brak danych,2018-11-14,12:06:39,
9,Brak danych,2018-11-14,12:07:09,
9,Brak danych,2018-11-14,12:08:30,
9,Brak danych,2018-11-14,12:13:19,
9,Brak danych,2018-11-14,12:13:39,
9,Brak danych,2018-11-14,12:14:41,
9,Brak danych,2018-11-14,12:14:56,
9,Brak danych,2018-11-14,12:15:12,
9,Brak danych,2018-11-14,12:16:03,
9,Brak danych,2018-11-14,12:16:13,
9,Brak danych,2018-11-14,12:16:37,
9,Brak danych,2018-11-14,12:16:55,
9,Brak danych,2018-11-14,12:17:11,
9,Brak danych,2018-11-14,12:17:45,
9,Brak danych,2018-11-14,12:18:12,
9,Brak danych,2018-11-14,12:18:27,
9,Brak danych,2018-11-14,12:18:35,
9,Brak danych,2018-11-14,12:20:01,
9,Brak danych,2018-11-14,12:20:16,
9,Brak danych,2018-11-14,12:20:31,
9,Brak danych,2018-11-14,12:21:35,
9,Brak danych,2018-11-14,12:24:01,
9,Brak danych,2018-11-14,12:24:20,
9,Brak danych,2018-11-14,12:24:30,
9,Brak danych,2018-11-14,12:25:02,
9,Brak danych,2018-11-14,12:25:25,
9,Brak danych,2018-11-14,12:32:00,
9,Brak danych,2018-11-14,12:32:24,
9,Brak danych,2018-11-14,12:32:53,
9,Brak danych,2018-11-14,12:33:25,
9,Brak danych,2018-11-14,12:34:12,
9,słaby: deszcz opad przelotny ,2018-11-14,12:52:40,
9,słaby: deszcz opad przelotny ,2018-11-14,12:53:20,
9,słaby: deszcz opad przelotny ,2018-11-14,12:55:40,
9,słaby: deszcz opad przelotny ,2018-11-14,12:55:43,
9,słaby: deszcz opad przelotny ,2018-11-14,13:05:06,
9,słaby: deszcz opad przelotny ,2018-11-14,13:05:19,
9,słaby: deszcz opad przelotny ,2018-11-14,13:11:58,
9,słaby: deszcz opad przelotny ,2018-11-14,13:12:13,
9,słaby: deszcz opad przelotny ,2018-11-14,13:27:29,
9,Brak danych,2018-11-14,18:42:23,
9,Brak danych,2018-11-14,18:57:40,
9,Brak danych,2018-11-14,19:12:58,
9,Brak danych,2018-11-14,19:28:15,
10,Brak danych,2018-11-15,13:26:13,
10,Brak danych,2018-11-15,13:26:27,
10,Brak danych,2018-11-15,13:27:43,
10,Brak danych,2018-11-15,13:28:58,
10,Brak danych,2018-11-15,13:33:47,
10,Brak danych,2018-11-15,13:34:20,
10,słaby: deszcz opad przelotny ,2018-11-15,13:40:10,
10,słaby: deszcz opad przelotny ,2018-11-15,13:42:58,
10,słaby: deszcz opad przelotny ,2018-11-15,13:45:20,
10,słaby: deszcz opad przelotny ,2018-11-15,13:45:31,
10,słaby: deszcz opad przelotny ,2018-11-15,13:45:38,
10,słaby: deszcz opad przelotny ,2018-11-15,13:45:47,
10,słaby: deszcz opad przelotny ,2018-11-15,13:45:50,
10,słaby: deszcz opad przelotny ,2018-11-15,13:45:55,
10,słaby: deszcz opad przelotny ,2018-11-15,13:46:06,
10,słaby: deszcz opad przelotny ,2018-11-15,13:46:13,
10,słaby: deszcz opad przelotny ,2018-11-15,13:46:59,
10,słaby: deszcz opad przelotny ,2018-11-15,13:47:45,
10,słaby: deszcz opad przelotny ,2018-11-15,13:48:49,
10,słaby: deszcz opad przelotny ,2018-11-15,13:48:59,
10,słaby: deszcz opad przelotny ,2018-11-15,13:49:47,
10,słaby: deszcz opad przelotny ,2018-11-15,13:50:09,
10,Brak danych,2018-11-15,14:05:24,
10,Brak danych,2018-11-15,14:20:40,
10,Brak danych,2018-11-15,14:35:57,
10,Brak danych,2018-11-15,14:51:13,
10,Brak danych,2018-11-15,15:06:35,
10,Brak danych,2018-11-15,15:21:57,
9,Brak danych,2018-11-15,15:37:17,
9,Brak danych,2018-11-15,15:52:38,
9,Brak danych,2018-11-15,17:18:56,
9,Brak danych,2018-11-15,17:19:52,
9,Brak danych,2018-11-15,17:21:20,
9,Brak danych,2018-11-15,17:47:38,
9,Brak danych,2018-11-15,18:06:38,
9,Brak danych,2018-11-15,18:10:12,
9,Brak danych,2018-11-15,18:11:44,
9,Brak danych,2018-11-15,18:16:19,
9,Brak danych,2018-11-15,18:16:36,
9,Brak danych,2018-11-15,18:17:12,
9,Brak danych,2018-11-15,18:25:02,
9,Brak danych,2018-11-15,18:27:54,
9,Brak danych,2018-11-15,18:28:46,
9,Brak danych,2018-11-15,18:37:22,
9,Brak danych,2018-11-15,18:50:51,
9,Brak danych,2018-11-15,18:57:44,
9,Brak danych,2018-11-15,19:13:05,
9,Brak danych,2018-11-15,19:28:27,
Brak danych,Brak danych,2018-11-15,23:39:25,
Brak danych,Brak danych,2018-11-15,23:40:13,
Brak danych,Brak danych,2018-11-15,23:43:17,
7,Brak danych,2018-11-15,23:44:06,
7,Brak danych,2018-11-15,23:47:22,
7,Brak danych,2018-11-15,23:48:38,
7,Brak danych,2018-11-15,23:51:58,
7,Brak danych,2018-11-15,23:54:25,
7,Brak danych,2018-11-15,23:56:07,
7,Brak danych,2018-11-15,23:56:25,
7,Brak danych,2018-11-15,23:56:27,
7,Brak danych,2018-11-15,23:59:39,
7,Brak danych,2018-11-16,00:00:47,
7,Brak danych,2018-11-16,00:01:27,
7,Brak danych,2018-11-16,00:04:24,
7,Brak danych,2018-11-16,00:11:51,
7,Brak danych,2018-11-16,00:12:50,
7,Brak danych,2018-11-16,00:14:09,
7,Brak danych,2018-11-16,00:14:56,
7,Brak danych,2018-11-16,00:15:49,
7,Brak danych,2018-11-16,00:17:00,
7,Brak danych,2018-11-16,00:17:32,
7,Brak danych,2018-11-16,00:32:49,
7,Brak danych,2018-11-16,00:48:08,
7,Brak danych,2018-11-16,00:56:34,
7,Brak danych,2018-11-16,01:03:24,
6,Brak danych,2018-11-16,01:15:59,
4,Brak danych,2018-11-16,11:14:34,
4,Brak danych,2018-11-16,11:16:14,
4,Brak danych,2018-11-16,11:19:50,
4,Brak danych,2018-11-16,11:20:41,
4,Brak danych,2018-11-16,11:35:56,
4,Brak danych,2018-11-16,11:44:23,
4,Brak danych,2018-11-16,11:54:15,
4,Brak danych,2018-11-16,12:09:32,
4,Brak danych,2018-11-16,12:13:53,
4,Brak danych,2018-11-16,12:17:31,
4,Brak danych,2018-11-16,12:26:48,
4,Brak danych,2018-11-16,12:27:22,
4,Brak danych,2018-11-16,12:42:38,
4,Brak danych,2018-11-16,12:57:55,
4,Brak danych,2018-11-16,13:13:14,
4,Brak danych,2018-11-16,13:24:48,
4,Brak danych,2018-11-16,13:40:05,
4,Brak danych,2018-11-16,13:55:22,
4,Brak danych,2018-11-16,14:10:39,
4,Brak danych,2018-11-16,14:11:48,
4,Brak danych,2018-11-16,14:12:05,
4,Brak danych,2018-11-16,14:28:16,
4,Brak danych,2018-11-16,14:29:24,
4,Brak danych,2018-11-16,14:31:02,
4,Brak danych,2018-11-16,14:32:15,
4,Brak danych,2018-11-16,14:34:43,
4,Brak danych,2018-11-16,14:35:32,
4,Brak danych,2018-11-16,14:35:54,
4,Brak danych,2018-11-16,14:41:48,
4,Brak danych,2018-11-16,14:42:18,
4,Brak danych,2018-11-16,14:43:02,
4,Brak danych,2018-11-16,14:43:41,
4,Brak danych,2018-11-16,14:44:33,
4,Brak danych,2018-11-16,14:45:33,
4,Brak danych,2018-11-16,14:48:54,
4,Brak danych,2018-11-16,14:56:44,
4,Brak danych,2018-11-16,14:57:18,
4,Brak danych,2018-11-16,15:19:48,
4,Brak danych,2018-11-16,15:22:24,
4,Brak danych,2018-11-16,15:24:57,
4,Brak danych,2018-11-16,15:33:07,
4,Brak danych,2018-11-16,15:34:24,
4,Brak danych,2018-11-16,15:34:57,
4,Brak danych,2018-11-16,15:38:53,
4,Brak danych,2018-11-16,15:39:18,
4,Brak danych,2018-11-16,15:39:43,
4,Brak danych,2018-11-16,15:51:23,
4,Brak danych,2018-11-16,15:51:36,
4,Brak danych,2018-11-16,16:06:53,
4,Brak danych,2018-11-16,16:15:52,
4,Brak danych,2018-11-16,16:17:01,
4,Brak danych,2018-11-16,16:17:31,
4,Brak danych,2018-11-16,16:18:34,
4,Brak danych,2018-11-16,16:21:04,
4,Brak danych,2018-11-16,16:25:53,
4,Brak danych,2018-11-16,16:27:56,
4,Brak danych,2018-11-16,16:30:59,
4,Brak danych,2018-11-16,16:43:20,
Brak danych,Brak danych,2018-11-16,16:45:09,
4,Brak danych,2018-11-16,16:47:22,
4,Brak danych,2018-11-16,16:51:45,
4,Brak danych,2018-11-16,16:53:09,
4,Brak danych,2018-11-16,16:54:11,
4,Brak danych,2018-11-16,16:57:08,
4,Brak danych,2018-11-16,16:59:01,
4,Brak danych,2018-11-16,17:04:34,
4,Brak danych,2018-11-16,17:06:00,
4,Brak danych,2018-11-16,17:06:20,
4,Brak danych,2018-11-16,17:06:43,
4,Brak danych,2018-11-16,17:06:57,
4,Brak danych,2018-11-16,17:07:52,
4,Brak danych,2018-11-16,17:10:13,
4,Brak danych,2018-11-16,17:21:29,
4,Brak danych,2018-11-16,17:23:45,
4,Brak danych,2018-11-16,17:39:21,
4,Brak danych,2018-11-16,17:39:59,
4,Brak danych,2018-11-16,17:49:17,
4,Brak danych,2018-11-16,17:52:22,
4,Brak danych,2018-11-16,17:53:09,
4,Brak danych,2018-11-16,17:53:33,
4,Brak danych,2018-11-16,17:54:21,
4,Brak danych,2018-11-16,17:54:45,
4,Brak danych,2018-11-16,17:58:07,
4,Brak danych,2018-11-16,17:59:35,
4,Brak danych,2018-11-16,17:59:41,
4,Brak danych,2018-11-16,18:00:46,
4,Brak danych,2018-11-16,18:01:26,
4,Brak danych,2018-11-16,18:02:27,
Brak danych,Brak danych,2018-11-16,20:42:44,
Brak danych,Brak danych,2018-11-16,20:58:42,
Brak danych,Brak danych,2018-11-16,21:13:03,
Brak danych,Brak danych,2018-11-16,21:13:54,
Brak danych,Brak danych,2018-11-16,21:14:29,
2,Brak danych,2018-11-16,21:16:13,
2,Brak danych,2018-11-16,21:16:27,
2,Brak danych,2018-11-16,21:16:45,
2,Brak danych,2018-11-16,21:25:03,
2,Brak danych,2018-11-16,21:26:35,
2,Brak danych,2018-11-16,21:27:19,
2,Brak danych,2018-11-16,21:30:24,
2,Brak danych,2018-11-16,21:30:40,
5,Brak danych,2018-11-17,12:57:54,
5,Brak danych,2018-11-17,13:05:42,
5,Brak danych,2018-11-17,13:07:22,
5,Brak danych,2018-11-17,13:18:24,
5,Brak danych,2018-11-17,13:23:16,
5,Brak danych,2018-11-17,13:24:56,
5,Brak danych,2018-11-17,13:26:12,
5,Brak danych,2018-11-17,13:27:21,
5,Brak danych,2018-11-17,13:30:00,
5,Brak danych,2018-11-17,13:30:20,
5,Brak danych,2018-11-17,15:18:27,
5,Brak danych,2018-11-17,15:25:11,
3,Brak danych,2018-11-17,16:23:16,
3,Brak danych,2018-11-17,16:39:15,
2,Brak danych,2018-11-19,10:31:34,
2,Brak danych,2018-11-19,10:35:07,
2,Brak danych,2018-11-19,10:36:28,
2,Brak danych,2018-11-19,10:38:02,
2,Brak danych,2018-11-19,10:41:56,
2,Brak danych,2018-11-19,10:42:36,
2,Brak danych,2018-11-19,11:06:13,
2,Brak danych,2018-11-19,11:06:16,
2,Brak danych,2018-11-19,11:20:19,
2,Brak danych,2018-11-19,11:21:28,
2,Brak danych,2018-11-19,11:27:59,
2,Brak danych,2018-11-19,11:29:05,
2,Brak danych,2018-11-19,11:29:48,
3,Brak danych,2018-11-19,11:45:33,
3,Brak danych,2018-11-19,11:51:24,
3,Brak danych,2018-11-19,11:52:15,
3,Brak danych,2018-11-19,11:53:10,
3,Brak danych,2018-11-19,11:57:00,
3,Brak danych,2018-11-19,12:09:13,
3,Brak danych,2018-11-19,12:19:23,
3,Brak danych,2018-11-19,14:05:48,
3,Brak danych,2018-11-19,14:32:28,
3,Brak danych,2018-11-19,15:36:12,
3,Brak danych,2018-11-19,15:37:08,
3,Brak danych,2018-11-19,15:38:05,
3,Brak danych,2018-11-19,15:47:04,
3,Brak danych,2018-11-19,15:54:28,
3,Brak danych,2018-11-19,16:28:57,
3,Brak danych,2018-11-19,16:31:19,
3,Brak danych,2018-11-19,16:44:54,
3,Brak danych,2018-11-19,16:48:36,
3,Brak danych,2018-11-19,16:51:44,
3,Brak danych,2018-11-19,16:54:06,
3,Brak danych,2018-11-19,16:55:51,
3,Brak danych,2018-11-19,16:56:22,
3,Brak danych,2018-11-19,16:56:45,
3,Brak danych,2018-11-19,16:57:15,
3,Brak danych,2018-11-19,17:11:20,
3,Brak danych,2018-11-19,17:13:09,
3,Brak danych,2018-11-19,17:14:34,
3,Brak danych,2018-11-19,17:16:08,
3,Brak danych,2018-11-19,17:16:11,
3,Brak danych,2018-11-19,17:16:12,
3,Brak danych,2018-11-19,17:16:12,
3,Brak danych,2018-11-19,17:16:12,
3,Brak danych,2018-11-19,17:16:12,
3,Brak danych,2018-11-19,17:16:13,
3,Brak danych,2018-11-19,17:16:13,
3,Brak danych,2018-11-19,17:16:13,
3,Brak danych,2018-11-19,17:16:13,
3,Brak danych,2018-11-19,17:16:14,
3,Brak danych,2018-11-19,17:16:14,
3,Brak danych,2018-11-19,17:16:14,
3,Brak danych,2018-11-19,17:16:15,
3,Brak danych,2018-11-19,17:16:15,
3,Brak danych,2018-11-19,17:16:15,
3,Brak danych,2018-11-19,17:16:15,
3,Brak danych,2018-11-19,17:16:15,
3,Brak danych,2018-11-19,17:16:16,
3,Brak danych,2018-11-19,17:16:16,
3,Brak danych,2018-11-19,17:16:16,
3,Brak danych,2018-11-19,17:16:17,
3,Brak danych,2018-11-19,17:16:17,
3,Brak danych,2018-11-19,17:16:17,
3,Brak danych,2018-11-19,17:16:17,
3,Brak danych,2018-11-19,17:16:18,
3,Brak danych,2018-11-19,17:16:18,
3,Brak danych,2018-11-19,17:16:18,
3,Brak danych,2018-11-19,17:16:18,
3,Brak danych,2018-11-19,17:16:19,
3,Brak danych,2018-11-19,17:16:19,
3,Brak danych,2018-11-19,17:16:19,
3,Brak danych,2018-11-19,17:16:19,
3,Brak danych,2018-11-19,17:16:20,
3,Brak danych,2018-11-19,17:16:20,
3,Brak danych,2018-11-19,17:16:20,
3,Brak danych,2018-11-19,17:16:20,
3,Brak danych,2018-11-19,17:16:21,
3,Brak danych,2018-11-19,17:16:21,
3,Brak danych,2018-11-19,17:16:21,
3,Brak danych,2018-11-19,17:16:21,
3,Brak danych,2018-11-19,17:16:22,
3,Brak danych,2018-11-19,17:16:22,
3,Brak danych,2018-11-19,17:16:22,
3,Brak danych,2018-11-19,17:16:22,
3,Brak danych,2018-11-19,17:16:23,
3,Brak danych,2018-11-19,17:16:23,
3,Brak danych,2018-11-19,17:16:23,
3,Brak danych,2018-11-19,17:16:24,
3,Brak danych,2018-11-19,17:16:24,
3,Brak danych,2018-11-19,17:16:24,
3,Brak danych,2018-11-19,17:16:24,
3,Brak danych,2018-11-19,17:16:25,
3,Brak danych,2018-11-19,17:16:25,
3,Brak danych,2018-11-19,17:16:25,
3,Brak danych,2018-11-19,17:16:26,
3,Brak danych,2018-11-19,17:16:26,
3,Brak danych,2018-11-19,17:16:26,
3,Brak danych,2018-11-19,17:16:26,
3,Brak danych,2018-11-19,17:16:27,
3,Brak danych,2018-11-19,17:16:27,
3,Brak danych,2018-11-19,17:16:28,
3,Brak danych,2018-11-19,17:16:28,
3,Brak danych,2018-11-19,17:16:29,
3,Brak danych,2018-11-19,17:16:29,
3,Brak danych,2018-11-19,17:16:29,
3,Brak danych,2018-11-19,17:16:30,
3,Brak danych,2018-11-19,17:16:30,
3,Brak danych,2018-11-19,17:16:30,
3,Brak danych,2018-11-19,17:16:30,
3,Brak danych,2018-11-19,17:16:31,
3,Brak danych,2018-11-19,17:16:31,
3,Brak danych,2018-11-19,17:16:31,
3,Brak danych,2018-11-19,17:16:32,
3,Brak danych,2018-11-19,17:16:32,
3,Brak danych,2018-11-19,17:16:32,
3,Brak danych,2018-11-19,17:16:32,
3,Brak danych,2018-11-19,17:16:33,
3,Brak danych,2018-11-19,17:16:33,
3,Brak danych,2018-11-19,17:16:33,
3,Brak danych,2018-11-19,17:16:34,
3,Brak danych,2018-11-19,17:16:34,
3,Brak danych,2018-11-19,17:16:34,
3,Brak danych,2018-11-19,17:16:34,
3,Brak danych,2018-11-19,17:16:35,
3,Brak danych,2018-11-19,17:16:35,
3,Brak danych,2018-11-19,17:16:35,
3,Brak danych,2018-11-19,17:16:35,
3,Brak danych,2018-11-19,17:16:36,
3,Brak danych,2018-11-19,17:16:36,
3,Brak danych,2018-11-19,17:16:36,
3,Brak danych,2018-11-19,17:16:37,
3,Brak danych,2018-11-19,17:16:37,
3,Brak danych,2018-11-19,17:16:37,
3,Brak danych,2018-11-19,17:16:37,
3,Brak danych,2018-11-19,17:16:38,
3,Brak danych,2018-11-19,17:16:38,
3,Brak danych,2018-11-19,17:16:38,
3,Brak danych,2018-11-19,17:16:38,
3,Brak danych,2018-11-19,17:16:38,
3,Brak danych,2018-11-19,17:16:39,
3,Brak danych,2018-11-19,17:16:39,
3,Brak danych,2018-11-19,17:16:39,
3,Brak danych,2018-11-19,17:20:32,
3,Brak danych,2018-11-19,17:24:50,
3,Brak danych,2018-11-19,17:39:05,
3,Brak danych,2018-11-19,17:39:09,
3,Brak danych,2018-11-19,17:39:11,
3,Brak danych,2018-11-19,17:39:13,
3,Brak danych,2018-11-19,17:39:15,
3,Brak danych,2018-11-19,17:55:03,
3,Brak danych,2018-11-19,17:56:06,
3,Brak danych,2018-11-19,18:10:17,
3,Brak danych,2018-11-19,18:30:11,
3,Brak danych,2018-11-19,18:33:25,
3,Brak danych,2018-11-19,18:35:17,
3,Brak danych,2018-11-19,18:38:08,
3,Brak danych,2018-11-19,18:39:16,
3,Brak danych,2018-11-19,18:46:58,
3,Brak danych,2018-11-19,18:56:47,
3,Brak danych,2018-11-19,19:03:28,
3,Brak danych,2018-11-19,19:08:08,
3,Brak danych,2018-11-19,19:13:38,
3,Brak danych,2018-11-19,19:14:03,
3,Brak danych,2018-11-19,19:32:26,
2,Brak danych,2018-11-19,19:35:57,
2,Brak danych,2018-11-19,19:36:38,
2,Brak danych,2018-11-19,19:53:31,
2,Brak danych,2018-11-19,19:54:10,
2,Brak danych,2018-11-19,19:54:28,
2,Brak danych,2018-11-19,19:54:38,
2,Brak danych,2018-11-19,19:54:42,
2,Brak danych,2018-11-19,19:54:45,
2,Brak danych,2018-11-19,19:54:52,
2,Brak danych,2018-11-19,19:55:09,
2,Brak danych,2018-11-19,19:56:19,
2,Brak danych,2018-11-19,19:57:20,
2,Brak danych,2018-11-19,19:59:21,
2,Brak danych,2018-11-19,20:00:39,
2,Brak danych,2018-11-19,20:01:06,
2,Brak danych,2018-11-19,20:02:39,
2,Brak danych,2018-11-19,20:02:43,
2,Brak danych,2018-11-19,20:02:43,
2,Brak danych,2018-11-19,20:02:43,
2,Brak danych,2018-11-19,20:02:44,
2,Brak danych,2018-11-19,20:02:44,
2,Brak danych,2018-11-19,20:02:44,
2,Brak danych,2018-11-19,20:02:45,
2,Brak danych,2018-11-19,20:02:45,
2,Brak danych,2018-11-19,20:02:45,
2,Brak danych,2018-11-19,20:02:46,
2,Brak danych,2018-11-19,20:02:46,
2,Brak danych,2018-11-19,20:02:46,
2,Brak danych,2018-11-19,20:02:47,
2,Brak danych,2018-11-19,20:02:47,
2,Brak danych,2018-11-19,20:02:47,
2,Brak danych,2018-11-19,20:02:48,
2,Brak danych,2018-11-19,20:02:49,
2,Brak danych,2018-11-19,20:02:49,
2,Brak danych,2018-11-19,20:02:49,
2,Brak danych,2018-11-19,20:02:50,
2,Brak danych,2018-11-19,20:02:50,
2,Brak danych,2018-11-19,20:02:50,
2,Brak danych,2018-11-19,20:02:51,
2,Brak danych,2018-11-19,20:02:51,
2,Brak danych,2018-11-19,20:02:52,
2,Brak danych,2018-11-19,20:02:52,
2,Brak danych,2018-11-19,20:02:52,
2,Brak danych,2018-11-19,20:02:53,
2,Brak danych,2018-11-19,20:02:53,
2,Brak danych,2018-11-19,20:02:53,
2,Brak danych,2018-11-19,20:02:54,
2,Brak danych,2018-11-19,20:02:54,
2,Brak danych,2018-11-19,20:02:54,
2,Brak danych,2018-11-19,20:02:55,
2,Brak danych,2018-11-19,20:02:55,
2,Brak danych,2018-11-19,20:02:56,
2,Brak danych,2018-11-19,20:02:56,
2,Brak danych,2018-11-19,20:02:56,
2,Brak danych,2018-11-19,20:02:57,
2,Brak danych,2018-11-19,20:02:57,
2,Brak danych,2018-11-19,20:02:57,
2,Brak danych,2018-11-19,20:02:58,
2,Brak danych,2018-11-19,20:02:58,
2,Brak danych,2018-11-19,20:02:58,
2,Brak danych,2018-11-19,20:02:59,
2,Brak danych,2018-11-19,20:02:59,
2,Brak danych,2018-11-19,20:02:59,
2,Brak danych,2018-11-19,20:03:00,
2,Brak danych,2018-11-19,20:03:00,
2,Brak danych,2018-11-19,20:03:00,
2,Brak danych,2018-11-19,20:03:01,
2,Brak danych,2018-11-19,20:03:01,
2,Brak danych,2018-11-19,20:03:01,
2,Brak danych,2018-11-19,20:03:02,
2,Brak danych,2018-11-19,20:03:02,
2,Brak danych,2018-11-19,20:03:02,
2,Brak danych,2018-11-19,20:03:03,
2,Brak danych,2018-11-19,20:03:03,
2,Brak danych,2018-11-19,20:03:03,
2,Brak danych,2018-11-19,20:03:04,
2,Brak danych,2018-11-19,20:03:04,
2,Brak danych,2018-11-19,20:03:04,
2,Brak danych,2018-11-19,20:03:05,
2,Brak danych,2018-11-19,20:03:05,
2,Brak danych,2018-11-19,20:03:05,
2,Brak danych,2018-11-19,20:03:06,
2,Brak danych,2018-11-19,20:03:06,
2,Brak danych,2018-11-19,20:03:07,
2,Brak danych,2018-11-19,20:03:07,
2,Brak danych,2018-11-19,20:03:42,
2,Brak danych,2018-11-19,20:07:22,
2,Brak danych,2018-11-19,20:08:28,
2,Brak danych,2018-11-19,20:20:58,
2,Brak danych,2018-11-19,20:29:48,
2,Brak danych,2018-11-19,20:30:36,
2,Brak danych,2018-11-19,20:38:27,
2,Brak danych,2018-11-19,20:40:42,
2,Brak danych,2018-11-19,20:42:14,
2,Brak danych,2018-11-19,20:42:36,
2,Brak danych,2018-11-19,20:49:33,
2,Brak danych,2018-11-19,20:50:43,
2,Brak danych,2018-11-19,20:54:16,
2,Brak danych,2018-11-19,21:27:57,
2,Brak danych,2018-11-19,22:20:55,
3,Brak danych,2018-11-20,14:39:51,
3,Brak danych,2018-11-20,15:00:32,
2,Brak danych,2018-11-20,15:07:55,
2,Brak danych,2018-11-20,15:10:05,
2,Brak danych,2018-11-20,15:19:44,
2,Brak danych,2018-11-20,15:24:27,
2,Brak danych,2018-11-20,15:27:16,
2,Brak danych,2018-11-20,15:29:38,
2,Brak danych,2018-11-20,15:46:43,
2,Brak danych,2018-11-20,15:55:30,
2,Brak danych,2018-11-20,16:05:15,
2,Brak danych,2018-11-20,16:08:44,
2,Brak danych,2018-11-20,16:10:11,
2,Brak danych,2018-11-20,16:13:23,
2,Brak danych,2018-11-20,16:14:36,
2,Brak danych,2018-11-20,16:16:49,
2,Brak danych,2018-11-20,16:17:43,
2,Brak danych,2018-11-20,16:19:36,
2,Brak danych,2018-11-20,16:24:50,
1,Brak danych,2018-11-20,16:37:26,
1,Brak danych,2018-11-20,16:45:09,
1,Brak danych,2018-11-20,16:47:19,
1,Brak danych,2018-11-20,16:52:44,
1,Brak danych,2018-11-20,16:53:21,
1,Brak danych,2018-11-20,16:54:45,
1,Brak danych,2018-11-20,16:55:27,
1,Brak danych,2018-11-20,16:57:38,
1,Brak danych,2018-11-20,16:59:29,
1,Brak danych,2018-11-20,17:00:14,
1,Brak danych,2018-11-20,17:01:22,
1,Brak danych,2018-11-20,17:03:14,
1,Brak danych,2018-11-20,17:05:26,
1,Brak danych,2018-11-20,17:07:05,
1,Brak danych,2018-11-20,17:13:27,
1,Brak danych,2018-11-20,17:17:10,
1,Brak danych,2018-11-20,17:19:23,
1,Brak danych,2018-11-20,17:20:09,
1,Brak danych,2018-11-20,17:22:25,
1,Brak danych,2018-11-20,17:23:53,
1,Brak danych,2018-11-20,17:25:01,
1,Brak danych,2018-11-20,17:25:49,
1,Brak danych,2018-11-20,17:28:36,
1,Brak danych,2018-11-20,17:30:12,
1,Brak danych,2018-11-20,17:30:33,
1,Brak danych,2018-11-20,17:31:28,
1,Brak danych,2018-11-20,17:34:19,
1,Brak danych,2018-11-20,17:35:07,
1,Brak danych,2018-11-20,17:41:00,
1,Brak danych,2018-11-20,17:43:20,
0,Brak danych,2018-11-20,20:01:43,
0,Brak danych,2018-11-20,20:04:30,
0,Brak danych,2018-11-20,20:16:37,
0,Brak danych,2018-11-20,20:18:11,
0,Brak danych,2018-11-20,20:28:13,
0,Brak danych,2018-11-20,20:34:01,
1,Brak danych,2018-11-20,20:35:33,
1,Brak danych,2018-11-20,20:39:30,
1,Brak danych,2018-11-20,20:40:36,
1,Brak danych,2018-11-20,20:42:52,
1,Brak danych,2018-11-20,20:45:02,
1,Brak danych,2018-11-20,20:46:15,
1,Brak danych,2018-11-20,20:57:25,
1,Brak danych,2018-11-20,21:00:15,
1,Brak danych,2018-11-20,21:02:42,
1,Brak danych,2018-11-20,21:04:08,
1,Brak danych,2018-11-20,21:09:21,
1,Brak danych,2018-11-20,21:10:34,
1,Brak danych,2018-11-20,21:11:31,
1,Brak danych,2018-11-20,21:13:25,
1,Brak danych,2018-11-20,21:14:04,
1,Brak danych,2018-11-20,21:16:51,
1,Brak danych,2018-11-20,21:21:02,
1,Brak danych,2018-11-20,21:22:32,
1,Brak danych,2018-11-20,21:24:52,
1,Brak danych,2018-11-20,21:26:37,
1,Brak danych,2018-11-20,21:28:09,
1,Brak danych,2018-11-20,21:37:19,
1,Brak danych,2018-11-20,21:38:25,
1,Brak danych,2018-11-20,21:41:39,
1,Brak danych,2018-11-20,21:48:15,
1,Brak danych,2018-11-20,21:51:28,
1,Brak danych,2018-11-20,21:57:41,
1,Brak danych,2018-11-20,21:59:21,
1,Brak danych,2018-11-20,22:01:20,
1,Brak danych,2018-11-20,22:08:07,
1,Brak danych,2018-11-20,22:33:29,
1,Brak danych,2018-11-20,22:36:40,
1,Brak danych,2018-11-20,22:38:53,
1,Brak danych,2018-11-20,22:40:58,
1,Brak danych,2018-11-20,22:44:24,
1,Brak danych,2018-11-20,22:45:16,
1,Brak danych,2018-11-20,22:45:53,
1,Brak danych,2018-11-20,22:47:32,
1,Brak danych,2018-11-20,22:47:45,
1,Brak danych,2018-11-20,22:50:49,
1,Brak danych,2018-11-20,22:57:30,
1,Brak danych,2018-11-20,23:03:09,
1,Brak danych,2018-11-20,23:07:45,
2,Brak danych,2018-11-21,12:33:52,
0,Brak danych,2018-11-21,20:50:26,
0,Brak danych,2018-11-21,21:05:59,
0,Brak danych,2018-11-21,21:21:36,
0,Brak danych,2018-11-21,21:37:08,
0,Brak danych,2018-11-21,21:52:40,
0,Brak danych,2018-11-22,13:27:07,
1,Brak danych,2018-11-22,20:13:35,
1,Brak danych,2018-11-22,20:42:31,
1,Brak danych,2018-11-22,20:57:09,
1,Brak danych,2018-11-22,20:57:27,
1,Brak danych,2018-11-22,21:15:48,
1,Brak danych,2018-11-22,21:24:41,
1,Brak danych,2018-11-22,22:18:27,
1,Brak danych,2018-11-22,22:20:33,
1,Brak danych,2018-11-22,22:24:45,
2,Brak danych,2018-11-22,22:39:52,
2,Brak danych,2018-11-22,22:44:47,
2,Brak danych,2018-11-22,23:13:04,
2,Brak danych,2018-11-22,23:15:33,
2,Brak danych,2018-11-22,23:17:59,
2,Brak danych,2018-11-22,23:19:56,
2,Brak danych,2018-11-22,23:27:36,
2,Brak danych,2018-11-22,23:33:12,
2,Brak danych,2018-11-23,15:05:34,
2,Brak danych,2018-11-23,15:21:09,
2,Brak danych,2018-11-23,15:36:42,
2,Brak danych,2018-11-23,15:52:17,
2,Brak danych,2018-11-23,16:07:48,
2,Brak danych,2018-11-23,16:23:22,
2,Brak danych,2018-11-23,16:38:56,
2,Brak danych,2018-11-23,16:54:29,
2,Brak danych,2018-11-23,17:10:03,
2,Brak danych,2018-11-23,17:25:37,
2,Brak danych,2018-11-23,17:41:10,
2,Brak danych,2018-11-23,17:56:43,
2,Brak danych,2018-11-23,18:12:16,
2,Brak danych,2018-11-23,18:27:50,
2,Brak danych,2018-11-23,18:43:24,
3,zamglenie ,2018-11-23,18:47:56,
3,zamglenie ,2018-11-23,18:48:59,
3,zamglenie ,2018-11-23,18:49:33,
3,zamglenie ,2018-11-23,18:50:07,
3,zamglenie ,2018-11-23,18:50:41,
3,zamglenie ,2018-11-23,18:54:56,
Brak danych,zamglenie ,2018-11-23,19:05:01,
Brak danych,zamglenie ,2018-11-23,19:09:39,
Brak danych,zamglenie ,2018-11-23,19:10:22,
Brak danych,zamglenie ,2018-11-23,19:10:56,
3,zamglenie ,2018-11-23,19:12:07,
-3,zamglenie ,2018-11-23,19:12:40,
-3,zamglenie ,2018-11-23,19:13:07,
-3,zamglenie ,2018-11-23,19:28:42,
-3,zamglenie ,2018-11-23,19:44:16,
-3,zamglenie ,2018-11-23,19:59:48,
-3,zamglenie ,2018-11-23,20:15:21,
-3,zamglenie ,2018-11-23,20:30:55,
-3,zamglenie ,2018-11-23,20:46:29,
-3,zamglenie ,2018-11-23,21:02:04,
-2,zamglenie ,2018-11-23,21:17:37,
-2,zamglenie ,2018-11-23,21:33:10,
2,słaby: mżawka & zamglenie,2018-11-24,18:45:35,
2,słaby: mżawka & zamglenie,2018-11-24,18:47:52,
2,słaby: mżawka & zamglenie,2018-11-24,18:51:17,
2,zamglenie ,2018-11-24,19:07:02,
2,zamglenie ,2018-11-24,19:22:48,
2,zamglenie ,2018-11-24,19:30:37,
2,Brak danych,2018-11-24,19:38:33,
0,Brak danych,2018-11-26,11:01:50,
0,Brak danych,2018-11-26,11:03:02,
0,Brak danych,2018-11-26,11:08:09,
0,Brak danych,2018-11-26,11:23:46,
1,Brak danych,2018-11-26,11:39:21,
1,Brak danych,2018-11-26,11:54:55,
1,Brak danych,2018-11-26,12:10:30,
1,Brak danych,2018-11-26,12:26:04,
1,Brak danych,2018-11-26,12:41:39,
1,Brak danych,2018-11-26,12:57:14,
1,Brak danych,2018-11-26,13:12:50,
1,Brak danych,2018-11-26,13:28:25,
1,Brak danych,2018-11-26,13:44:00,
1,Brak danych,2018-11-26,13:59:35,
1,Brak danych,2018-11-26,14:15:10,
1,Brak danych,2018-11-26,14:30:45,
1,Brak danych,2018-11-26,14:46:20,
1,Brak danych,2018-11-26,15:01:55,
1,Brak danych,2018-11-26,15:17:32,
1,Brak danych,2018-11-26,15:33:07,
1,Brak danych,2018-11-26,15:48:43,
1,Brak danych,2018-11-26,16:04:18,
1,Brak danych,2018-11-26,16:19:54,
1,Brak danych,2018-11-26,16:35:30,
-2,zamglenie ,2018-11-28,07:43:12,
-2,zamglenie ,2018-11-28,07:58:49,
-2,Brak danych,2018-11-28,08:14:28,
-2,Brak danych,2018-11-28,08:30:02,
-2,Brak danych,2018-11-28,08:45:37,
-2,Brak danych,2018-11-28,09:01:12,
-2,Brak danych,2018-11-28,09:16:48,
-2,Brak danych,2018-11-28,09:32:23,
-1,Brak danych,2018-11-28,09:48:15,
-1,Brak danych,2018-11-28,10:04:04,
0,Brak danych,2018-11-28,10:19:55,
-3,Brak danych,2018-11-29,09:57:31,
-1,Brak danych,2018-11-29,11:51:21,
-1,Brak danych,2018-11-29,12:06:59,
-1,Brak danych,2018-11-29,12:22:37,
-1,Brak danych,2018-11-29,12:38:15,
-1,Brak danych,2018-11-29,12:53:53,
-1,Brak danych,2018-11-29,13:09:35,
-1,Brak danych,2018-11-29,13:25:14,
0,Brak danych,2018-11-29,13:40:51,
0,Brak danych,2018-11-29,13:56:29,
-1,Brak danych,2018-11-29,14:12:08,
-1,Brak danych,2018-11-29,14:27:49,
-1,Brak danych,2018-11-29,14:43:27,
-1,Brak danych,2018-11-29,14:59:06,
-2,Brak danych,2018-11-29,15:14:45,
-4,Brak danych,2018-11-30,10:48:47,
-4,Brak danych,2018-11-30,10:51:17,
-4,Brak danych,2018-11-30,10:52:44,
-4,Brak danych,2018-11-30,10:58:24,
-3,Brak danych,2018-11-30,11:14:05,
-3,Brak danych,2018-11-30,11:29:43,
-3,Brak danych,2018-11-30,11:45:22,
-3,Brak danych,2018-11-30,12:01:01,
-2,Brak danych,2018-11-30,12:16:40,
-2,Brak danych,2018-11-30,12:32:19,
-2,Brak danych,2018-11-30,12:47:58,
-1,Brak danych,2018-11-30,13:03:38,
-1,Brak danych,2018-11-30,13:19:17,
-1,Brak danych,2018-11-30,13:34:56,
-1,Brak danych,2018-11-30,13:50:36,
-1,Brak danych,2018-11-30,14:06:14,
-1,Brak danych,2018-11-30,14:21:54,
-2,Brak danych,2018-11-30,14:37:38,
-2,Brak danych,2018-11-30,14:53:18,
-2,Brak danych,2018-11-30,15:08:58,
-2,Brak danych,2018-11-30,15:24:38,
-3,Brak danych,2018-11-30,15:40:20,
-3,Brak danych,2018-11-30,15:55:59,
-3,Brak danych,2018-11-30,16:11:39,
-3,Brak danych,2018-11-30,16:27:20,
-4,Brak danych,2018-11-30,16:42:59,
6,słaby: deszcz ,2018-12-03,12:46:03,
6,słaby: deszcz ,2018-12-03,13:01:42,
6,Brak danych,2018-12-03,13:17:20,
6,Brak danych,2018-12-03,13:32:58,
7,Brak danych,2018-12-03,13:44:30,
7,Brak danych,2018-12-03,13:58:21,
7,Brak danych,2018-12-03,13:59:47,
7,Brak danych,2018-12-03,14:00:56,
7,Brak danych,2018-12-03,14:03:36,
7,Brak danych,2018-12-03,14:03:59,
7,Brak danych,2018-12-03,14:06:08,
7,Brak danych,2018-12-03,14:06:34,
7,Brak danych,2018-12-03,14:10:25,
7,Brak danych,2018-12-03,14:11:45,
7,Brak danych,2018-12-03,14:16:31,
7,Brak danych,2018-12-03,14:17:17,
7,Brak danych,2018-12-03,14:17:45,
7,Brak danych,2018-12-03,14:19:25,
7,Brak danych,2018-12-03,14:20:01,
7,Brak danych,2018-12-03,14:23:16,
7,Brak danych,2018-12-03,14:25:54,
7,Brak danych,2018-12-03,14:34:06,
7,Brak danych,2018-12-03,14:35:33,
7,Brak danych,2018-12-03,14:39:18,
7,Brak danych,2018-12-03,14:44:08,
8,słaby: deszcz & zamglenie,2018-12-04,13:05:36,
8,słaby: mżawka & zamglenie,2018-12-04,14:06:29,
3,Brak danych,2018-12-05,11:38:06,
3,Brak danych,2018-12-05,11:39:59,
3,Brak danych,2018-12-05,11:41:30,
3,Brak danych,2018-12-05,12:19:55,
Brak danych,Brak danych,2018-12-07,10:26:11,
4,słaby: deszcz & zamglenie,2018-12-07,10:41:57,
4,słaby: deszcz & zamglenie,2018-12-07,10:57:43,
5,słaby: deszcz & zamglenie,2018-12-07,11:13:30,
5,słaby: deszcz & zamglenie,2018-12-07,11:25:32,
5,słaby: deszcz ,2018-12-09,11:39:34,
5,słaby: deszcz ,2018-12-09,11:55:19,
5,słaby: deszcz ,2018-12-09,12:11:07,
5,słaby: deszcz ,2018-12-09,12:26:54,
5,słaby: deszcz ,2018-12-09,12:42:41,
0,Brak danych,2019-01-05,21:45:49,
-9,zamglenie ,2019-01-11,09:55:28,
-9,zamglenie ,2019-01-11,10:11:17,
-9,zamglenie ,2019-01-11,10:27:10,
-9,zamglenie ,2019-01-11,10:39:19,
-9,zamglenie ,2019-01-11,10:43:01,
-9,zamglenie ,2019-01-11,10:58:54,
-9,zamglenie ,2019-01-11,11:14:21,
-9,zamglenie ,2019-01-11,11:14:48,
-9,zamglenie ,2019-01-11,11:30:17,
-9,zamglenie ,2019-01-11,11:30:45,
-8,zamglenie ,2019-01-11,11:46:13,
-8,zamglenie ,2019-01-11,11:46:41,
-8,zamglenie ,2019-01-11,12:02:11,
-8,zamglenie ,2019-01-11,12:02:39,
-8,zamglenie ,2019-01-11,12:18:10,
-8,zamglenie ,2019-01-11,12:18:37,
-8,zamglenie ,2019-01-11,12:34:12,
-8,zamglenie ,2019-01-11,12:34:41,
-7,zamglenie ,2019-01-11,12:50:17,
-7,zamglenie ,2019-01-11,12:50:46,
-6,zamglenie ,2019-01-11,13:06:38,
-6,zamglenie ,2019-01-11,13:07:07,
-6,zamglenie ,2019-01-11,13:22:43,
-6,zamglenie ,2019-01-11,13:23:13,
-6,zamglenie ,2019-01-11,13:38:51,
-6,zamglenie ,2019-01-11,13:39:21,
-6,zamglenie ,2019-01-11,13:55:00,
-6,zamglenie ,2019-01-11,13:55:30,
-6,zamglenie ,2019-01-11,14:11:11,
-6,zamglenie ,2019-01-11,14:11:41,
-6,zamglenie ,2019-01-11,14:14:16,
21,Brak danych,2019-04-25,21:51:44,
21,Brak danych,2019-04-25,21:57:25,
